{"cameraMode":{"drawMode":0,"name":"Shaded","section":"Shading Mode"},"sceneLighting":false,"audioPlay":false,"sceneViewState":{"showFog":true,"showMaterialUpdate":false,"showSkybox":false,"showFlares":true,"showImageEffects":true,"showParticleSystems":true},"in2DMode":false,"pivot":{"x":-0.0637035071849823,"y":2.7085952758789064,"z":1.5575075149536133},"rotation":{"x":-0.20434506237506867,"y":-0.012629372999072075,"z":0.0026366645470261575,"w":-0.9788179993629456},"size":14.289420127868653,"orthographic":false}