{"cameraMode":{"drawMode":0,"name":"Shaded","section":"Shading Mode"},"sceneLighting":false,"audioPlay":false,"sceneViewState":{"showFog":true,"showMaterialUpdate":false,"showSkybox":false,"showFlares":true,"showImageEffects":true,"showParticleSystems":true},"in2DMode":false,"pivot":{"x":0.20679667592048646,"y":0.21158909797668458,"z":3.01096248626709},"rotation":{"x":-0.21544378995895387,"y":0.024601208046078683,"z":-0.005441911518573761,"w":-0.9762178659439087},"size":8.653990745544434,"orthographic":false}