{"cameraMode":{"drawMode":0,"name":"Shaded","section":"Shading Mode"},"sceneLighting":false,"audioPlay":false,"sceneViewState":{"showFog":true,"showMaterialUpdate":false,"showSkybox":false,"showFlares":true,"showImageEffects":true,"showParticleSystems":true},"in2DMode":false,"pivot":{"x":2.552257537841797,"y":3.1919803619384767,"z":-4.951681137084961},"rotation":{"x":-0.43008819222450259,"y":0.11911630630493164,"z":-0.05736665800213814,"w":-0.8930600881576538},"size":57.45092010498047,"orthographic":false}