{"cameraMode":{"drawMode":0,"name":"Shaded","section":"Shading Mode"},"sceneLighting":false,"audioPlay":false,"sceneViewState":{"showFog":true,"showMaterialUpdate":false,"showSkybox":false,"showFlares":true,"showImageEffects":true,"showParticleSystems":true},"in2DMode":false,"pivot":{"x":31.734222412109376,"y":305.4578857421875,"z":-245.38485717773438},"rotation":{"x":-0.33884477615356448,"y":-0.05105897784233093,"z":0.018410345539450647,"w":-0.9393019676208496},"size":1528.6990966796875,"orthographic":false}