{"cameraMode":{"drawMode":0,"name":"Shaded","section":"Shading Mode"},"sceneLighting":false,"audioPlay":false,"sceneViewState":{"showFog":true,"showMaterialUpdate":false,"showSkybox":false,"showFlares":true,"showImageEffects":true,"showParticleSystems":true},"in2DMode":false,"pivot":{"x":1.05597722530365,"y":3.8747668266296388,"z":6.67608642578125},"rotation":{"x":-0.16110138595104218,"y":0.07748539000749588,"z":-0.01268906332552433,"w":-0.9838141202926636},"size":34.78444290161133,"orthographic":false}