{"cameraMode":{"drawMode":0,"name":"Shaded","section":"Shading Mode"},"sceneLighting":false,"audioPlay":false,"sceneViewState":{"showFog":true,"showMaterialUpdate":false,"showSkybox":true,"showFlares":true,"showImageEffects":true,"showParticleSystems":true},"in2DMode":false,"pivot":{"x":308.2899475097656,"y":301.12640380859377,"z":118.41375732421875},"rotation":{"x":-0.035696033388376239,"y":0.020683515816926957,"z":-0.0007508628768846393,"w":-0.9991770386695862},"size":688.3197021484375,"orthographic":false}