{"cameraMode":{"drawMode":0,"name":"Shaded","section":"Shading Mode"},"sceneLighting":false,"audioPlay":false,"sceneViewState":{"showFog":true,"showMaterialUpdate":false,"showSkybox":false,"showFlares":true,"showImageEffects":true,"showParticleSystems":true},"in2DMode":false,"pivot":{"x":2.9607441425323488,"y":-0.8984986543655396,"z":7.808931350708008},"rotation":{"x":-0.20514406263828278,"y":-0.031122693791985513,"z":0.0065160407684743408,"w":-0.9782415628433228},"size":33.851905822753909,"orthographic":false}