{"cameraMode":{"drawMode":0,"name":"Shaded","section":"Shading Mode"},"sceneLighting":false,"audioPlay":false,"sceneViewState":{"showFog":true,"showMaterialUpdate":false,"showSkybox":true,"showFlares":true,"showImageEffects":true,"showParticleSystems":true},"in2DMode":false,"pivot":{"x":54.73224639892578,"y":54.24214172363281,"z":31.548934936523439},"rotation":{"x":-0.3909740447998047,"y":-0.40506458282470705,"z":0.19732563197612763,"w":-0.802581250667572},"size":56.33353042602539,"orthographic":false}