{"cameraMode":{"drawMode":0,"name":"Shaded","section":"Shading Mode"},"sceneLighting":false,"audioPlay":false,"sceneViewState":{"showFog":true,"showMaterialUpdate":false,"showSkybox":false,"showFlares":true,"showImageEffects":true,"showParticleSystems":true},"in2DMode":false,"pivot":{"x":-7.240567207336426,"y":1.1035394668579102,"z":1.427838683128357},"rotation":{"x":-0.16866299510002137,"y":0.6544719934463501,"z":-0.15310828387737275,"w":-0.7209576964378357},"size":17.111204147338868,"orthographic":false}